,Dress_ID,29/8/2013,31/8/2013,2/9/2013,4/9/2013,6/9/2013,8/9/2013,10/9/2013,12/9/2013,14/9/2013,16/9/2013,18/9/2013,20/9/2013,22/9/2013,24/9/2013,26/9/2013,28/9/2013,30/9/2013,2/10/2013,4/10/2013,6/10/2013,8/10/2010,10/10/2013,12/10/2013
0,1006032852,2114,2274,2491,2660,2727,2887,2930,3119,3204,3277,3321,3386,3479,3554,3624.0,3706,3746.0,3795.0,3832.0,3897,3923.0,3985.0,4048
1,1212192089,151,275,570,750,813,1066,1164,1558,1756,1878,1985,2106,2454,2710,2942.0,3258,3354.0,3475.0,3654.0,3911,4024.0,4125.0,4277
2,1190380701,6,7,7,7,8,8,9,10,10,10,10,10,11,11,11.0,11,11.0,11.0,11.0,11,11.0,11.0,11
3,966005983,1005,1128,1326,1455,1507,1621,1637,1723,1746,1783,1796,1812,1845,1878,1892.0,1914,1924.0,1929.0,1941.0,1952,1955.0,1959.0,1963
4,876339541,996,1175,1304,1396,1432,1559,1570,1638,1655,1681,1743,1824,1919,2032,2156.0,2252,2312.0,2387.0,2459.0,2544,2614.0,2693.0,2736
5,1068332458,4,5,11,13,13,13,16,18,19,20,20,21,22,25,25.0,26,26.0,26.0,26.0,27,27.0,27.0,27
6,1220707172,45,61,131,165,176,209,216,251,262,289,295,325,353,379,400.0,417,424.0,445.0,462.0,474,494.0,503.0,552
7,1219677488,4,13,55,73,76,89,94,117,121,125,135,142,150,160,165.0,169,172.0,196.0,212.0,224,241.0,252.0,263
8,1113094204,5,6,10,12,13,15,16,17,17,19,21,25,27,27,28.0,29,29.0,29.0,29.0,29,29.0,29.0,33
9,985292672,9,11,12,12,12,12,12,13,13,13,13,14,14,14,14.0,14,14.0,14.0,14.0,14,14.0,14.0,14
10,1117293701,15,28,42,49,49,55,56,65,66,68,68,78,89,93,98.0,106,114.0,119.0,124.0,128,130.0,133.0,138
11,898481530,23,38,54,59,65,72,77,90,102,106,117,122,133,153,162.0,170,172.0,176.0,181.0,185,188.0,195.0,202
12,957723897,1235,1333,1471,1568,1602,1722,1756,1906,1994,2077,2105,2192,2284,2395,2423.0,2537,2580.0,2645.0,2704.0,2748,2813.0,2914.0,2979
13,749031896,2498,2545,2627,2656,2669,2738,2769,2934,3001,3068,3125,3239,3339,3445,3561.0,3667,3680.0,3745.0,3842.0,3952,3999.0,4077.0,4170
14,1055411544,22,28,40,43,44,45,45,49,50,51,51,52,53,52,52.0,52,52.0,52.0,52.0,52,52.0,53.0,53
15,1162628131,4,8,19,25,26,31,35,45,48,58,74,88,97,120,132.0,158,163.0,174.0,182.0,195,204.0,213.0,220
16,624314841,1587,1669,1729,1764,1782,1817,1833,1898,1909,1954,2005,2096,2120,2163,2241.0,2301,2325.0,2375.0,2421.0,2479,2492.0,2512.0,2526
17,830467746,10,13,17,17,17,17,17,17,17,17,17,18,18,18,19.0,19,19.0,19.0,19.0,19,19.0,19.0,19
18,840857118,2,4,10,11,11,12,12,12,13,13,13,13,13,13,13.0,16,16.0,17.0,17.0,17,17.0,17.0,17
19,1113221101,122,143,243,279,299,322,331,381,401,413,442,458,470,496,517.0,539,542.0,562.0,575.0,596,602.0,621.0,644
20,861754372,104,106,142,163,171,192,196,227,247,258,264,285,291,316,244.0,365,368.0,369.0,370.0,372,374.0,375.0,376
21,856178100,856,967,1057,1109,1124,1173,1198,1248,1284,1300,1326,1366,1388,1431,1482.0,1533,1564.0,1572.0,1621.0,1682,1699.0,1726.0,1761
22,1122989777,145,189,219,229,229,233,233,233,233,233,233,233,233,233,233.0,233,233.0,233.0,234.0,235,235.0,236.0,236
23,840516484,1292,1319,1405,1479,1512,1578,1592,1671,1689,1738,1778,1820,1905,1962,1946.0,2077,2095.0,2115.0,2179.0,2243,2286.0,2314.0,2352
24,768517084,2,3,4,4,4,5,5,5,5,5,5,5,5,5,5.0,5,5.0,5.0,5.0,5,5.0,5.0,5
25,1139843344,6,7,15,19,19,19,20,22,22,23,23,24,25,25,26.0,26,27.0,27.0,28.0,28,29.0,29.0,29
26,1004212992,986,1048,1224,1358,1401,1571,1612,1762,1852,1901,2041,2115,2217,2358,2452.0,2580,2621.0,2678.0,2792.0,2882,2923.0,2995.0,3071
27,1235426503,6,8,25,42,49,67,76,105,114,134,154,180,215,253,275.0,311,328.0,345.0,367.0,388,392.0,416.0,446
28,942808364,375,421,463,475,476,483,488,497,500,505,506,510,515,523,525.0,526,528.0,530.0,532.0,533,534.0,536.0,537
29,629131530,7455,7467,7479,7374,7351,7255,7240,7156,7124,7115,7015,6992,6926,6644,6528.0,6476,6327.0,6285.0,6142.0,6049,5912.0,5862.0,5753
30,851945460,1168,1271,1301,1330,1344,1383,1395,1456,1468,1497,1506,1533,1561,1590,1553.0,1637,,,,1705,,,1798
31,1150275464,84,130,176,205,218,272,273,279,280,284,304,334,365,417,456.0,494,,,,561,,,606
32,1026634314,804,837,897,931,937,969,974,1004,1008,1019,1024,1045,1051,1060,1086.0,1103,,,,1177,,,1258
33,978773911,911,946,1035,1085,1105,1159,1185,1244,1288,1304,1347,1370,1402,1455,1488.0,1525,,,,1642,,,1709
34,827791337,2184,2228,2309,2313,2313,2315,2315,2321,2330,2336,2339,2347,2358,2363,2366.0,2369,,,,2381,,,2388
35,640823350,1134,1482,1562,1595,1604,1645,1648,1706,1752,1785,1796,1811,1841,1602,1622.0,1637,,,,1657,,,1649
36,801861988,1576,1680,1729,1730,1730,1743,1743,1744,1746,1749,1766,1789,1817,1882,1910.0,1949,,,,2008,,,2051
37,1060207186,19,23,45,50,53,59,62,66,71,74,79,85,93,102,102.0,102,103.0,103.0,105.0,106,106.0,106.0,106
38,1054679816,175,189,262,319,345,427,463,569,596,661,674,688,907,1114,1175.0,1267,,,,1499,,,1657
39,941190190,216,261,359,398,417,473,503,557,586,612,654,678,724,852,931.0,1052,,,,1163,,,1257
40,943844640,48,55,83,112,116,132,134,156,157,158,164,174,181,203,230.0,244,,,,304,,,348
41,661795386,2689,2747,2811,2844,2862,2900,2910,2930,2935,2947,2954,2977,2984,2886,,2890,,,,2951,,,2956
42,875312593,416,473,520,555,564,598,611,640,650,671,693,705,725,749,757.0,786,,,,836,,,868
43,971387676,624,652,716,756,771,803,820,878,897,916,928,965,1009,1046,,1129,,,,1259,,,1337
44,1021185637,124,144,185,197,200,215,226,240,246,254,259,268,283,301,307.0,315,,,,338,,,349
45,1163826114,3,5,32,48,56,79,82,112,117,122,131,138,144,160,172.0,198,,,,251,,,283
46,735635595,5376,5404,5481,5484,5505,5514,5495,5475,5465,5445,5428,5304,5349,5162,,5172,,,,5225,,,5272
47,1175184188,4,5,18,23,23,24,24,24,25,25,25,26,28,30,30.0,33,34.0,36.0,38.0,39,40.0,40.0,41
48,679415939,995,1091,1141,1165,1173,1190,1189,1210,1221,1245,1262,1276,1302,1324,,1322,,,,1313,,,1311
49,884147971,3,3,4,4,4,4,4,4,4,4,4,4,4,5,5.0,5,5.0,5.0,5.0,4,4.0,4.0,4
50,841203385,114,142,165,176,181,189,191,209,215,224,234,239,249,262,268.0,273,,,,298,,,314
51,1117997056,125,143,186,198,205,215,215,218,219,224,228,232,236,242,252.0,260,,,,267,,,282
52,1160536550,19,25,40,44,47,55,56,59,59,60,62,62,64,66,66.0,68,68.0,69.0,70.0,70,70.0,71.0,71
53,828623528,1397,1403,1412,1415,1417,1425,1433,1474,1492,1516,1535,1564,1581,1602,1623.0,1638,,,,1696,,,1741
54,763708514,611,666,719,766,792,841,858,921,944,962,674,998,1060,1114,1147.0,1195,,,,1330,,,1481
55,1153442065,84,97,146,182,195,248,263,328,231,336,375,401,460,482,483.0,484,,,,519,,,591
56,743729613,304,332,400,432,444,503,520,567,583,628,665,688,723,747,756.0,785,,,,873,,,994
57,1000493051,448,470,515,536,542,558,566,585,594,605,615,621,628,637,,638,,,,642,,,652
58,911085061,214,245,302,324,329,342,343,359,371,387,394,412,428,428,432.0,437,,,,482,,,522
59,1174854264,9,13,20,23,23,26,26,30,30,30,30,31,33,36,40.0,42,44.0,45.0,46.0,48,50.0,51.0,52
60,1053296757,1,2,2,4,4,4,4,4,5,5,5,5,5,5,5.0,5,5.0,5.0,6.0,6,6.0,6.0,6
61,1033843327,2,3,5,5,6,7,7,8,8,9,9,10,12,12,12.0,13,14.0,16.0,17.0,19,20.0,21.0,22
62,1083779666,40,41,56,57,59,62,63,68,70,72,74,75,77,76,75.0,75,75.0,75.0,75.0,75,75.0,75.0,75
63,746255172,1683,1714,1800,1846,1873,1943,1960,2025,2074,2104,2134,2156,2192,2197,2225.0,2297,,,,2403,,,2457
64,1100974555,132,149,174,206,220,244,257,293,309,337,354,385,405,437,,499,,,,582,,,631
65,1019134411,349,397,459,513,535,582,601,670,694,724,764,775,813,879,,972,,,,1090,,,1184
66,1072477320,238,243,272,308,330,373,373,375,376,379,384,405,443,474,,524,,,,586,,,639
67,638423913,24,25,25,27,27,26,26,25,26,26,26,26,26,26,26.0,26,26.0,26.0,26.0,26,27.0,28.0,29
68,936425780,248,294,331,358,363,380,388,415,419,437,445,457,482,499,514.0,536,,,,590,,,619
69,1146088956,4,5,5,6,6,7,7,8,8,8,8,8,8,9,9.0,9,9.0,9.0,9.0,9,10.0,10.0,11
70,864253055,48,50,56,63,65,71,74,83,85,90,95,99,104,111,117.0,122,,,,141,,,172
71,1210582154,146,175,273,341,355,428,443,557,576,651,675,696,845,918,,1075,,,,1272,,,1977
72,926480831,225,264,302,321,326,341,346,369,375,393,407,441,464,492,,544,,,,595,,,630
73,757260823,8,14,28,33,34,37,37,40,41,43,46,49,56,61,63.0,65,,,,74,75.0,76.0,77
74,630561922,874,894,882,867,861,857,854,826,820,816,811,795,787,742,718.0,711,,,,695,698.0,699.0,702
75,734061929,2285,2314,2365,2377,2390,2391,2385,2366,2355,2345,2324,2298,2285,2107,,1991,,,,1880,,,1793
76,842060995,7,9,19,21,22,22,23,25,25,26,28,28,30,30,30.0,30,30.0,31.0,31.0,31,31.0,32.0,33
77,1078431253,2,3,4,4,4,4,4,4,4,4,5,6,8,8,10.0,11,11.0,11.0,11.0,11,11.0,11.0,11
78,939770391,4,4,6,6,6,6,6,6,6,6,6,6,6,6,6.0,6,6.0,6.0,6.0,6,6.0,6.0,6
79,943188872,60,65,71,71,72,72,72,73,74,74,76,79,83,87,90.0,92,92.0,93.0,93.0,95,95.0,96.0,96
80,1130994272,111,118,123,127,128,132,133,137,138,139,141,142,144,146,146.0,146,,,,150,,,154
81,907117649,1102,1159,1200,1226,1243,1298,1333,1412,1445,1463,1482,1502,1584,1632,,1722,,,,1909,,,2001
82,967999477,224,238,278,305,314,338,347,393,402,422,442,485,506,547,,598,,,,666,,,713
83,944656411,138,159,199,241,256,298,315,382,396,446,465,524,614,680,,807,,,,889,,,911
84,1096779299,1,1,6,8,8,9,9,14,14,14,16,18,21,28,29.0,33,37.0,41.0,47.0,50,55.0,59.0,64
85,1036333255,104,115,139,159,166,193,201,218,225,243,256,268,283,307,,336,,,,386,,,419
86,1065316076,119,141,190,208,218,229,230,232,239,248,256,269,296,329,,367,,,,422,,,471
87,995802744,248,287,323,347,355,373,378,401,408,441,441,442,430,437,,449,,,,467,,,480
88,1018110870,195,210,240,259,268,282,292,325,234,346,354,361,374,392,402.0,420,431.0,442.0,452.0,462,477.0,495.0,516
89,850586379,124,247,271,281,283,294,299,308,312,320,325,330,338,351,362.0,370,374.0,379.0,383.0,387,392.0,395.0,397
90,1169895668,5,6,11,14,16,19,19,22,22,23,23,24,24,24,24.0,24,25.0,25.0,26.0,26,26.0,26.0,26
91,688966772,624,644,672,675,683,705,706,722,727,737,742,756,778,765,774.0,780,795.0,802.0,816.0,825,834.0,850.0,860
92,1194626925,4,6,12,15,15,15,15,16,17,18,19,21,22,23,23.0,23,23.0,23.0,23.0,23,24.0,24.0,25
93,876708804,56,66,77,88,90,102,108,119,125,134,138,140,143,149,151.0,154,156.0,158.0,162.0,167,169.0,171.0,173
94,1118628066,72,87,123,145,158,173,173,174,175,176,176,176,176,176,176.0,176,176.0,176.0,176.0,176,176.0,176.0,176
95,1027818824,1,1,2,3,3,3,3,2,2,2,2,2,2,2,2.0,2,2.0,2.0,2.0,2,2.0,2.0,2
96,891103323,8,12,14,15,15,15,16,16,26,42,44,45,47,47,48.0,50,50.0,50.0,50.0,50,50.0,51.0,51
97,1166855026,7,8,10,11,11,11,11,0,0,0,0,0,0,0,0.0,0,0.0,0.0,0.0,0,0.0,0.0,0
98,1023850025,113,123,168,191,199,238,250,302,332,365,374,395,452,465,482.0,497,508.0,516.0,525.0,538,547.0,554.0,562
99,805438829,628,638,684,718,729,754,767,808,813,829,842,860,881,903,,936,,,,974,,,985
100,836788720,9,12,17,19,19,20,20,22,22,24,26,27,30,31,31.0,31,,,,31,,,35
101,835787654,157,190,239,263,282,336,348,407,432,458,465,482,590,642,,738,,,,868,,,934
102,1148457078,156,178,182,193,196,209,217,237,241,224,230,244,268,290,,299,,,,323,,,343
103,887476609,433,495,521,551,566,602,615,649,656,675,691,712,735,760,,800,,,,871,,,905
104,535968075,1224,1232,1265,1268,1279,1306,1308,1311,1317,1323,1328,1334,1337,1328,,1328,,,,1325,,,1334
105,892801580,284,294,313,326,329,337,340,348,350,353,365,374,386,398,,411,,,,425,,,438
106,732650169,1825,1854,1864,1890,1899,1931,1937,1966,1994,2018,2063,2097,2140,2178,,2258,,,,2349,,,2388
107,680070369,402,427,455,469,475,498,501,531,543,564,583,597,616,646,,668,,,,708,,,739
108,1002440915,57,60,77,79,79,80,80,81,81,81,81,81,81,81,58.0,87,87.0,87.0,88.0,89,89.0,89.0,90
109,737538048,3334,3372,3425,3466,3482,3513,3523,3544,3542,3532,3524,3482,3443,3228,,3187,,,,3030,,,2916
110,1104450248,31,44,59,77,84,108,124,164,181,196,204,234,254,266,288.0,303,,,,353,,,388
111,797673346,1167,1192,1236,1261,1268,1291,1299,1335,1348,1371,1389,1408,1452,0,0.0,0,0.0,0.0,0.0,0,0.0,0.0,0
112,1039982741,16,20,34,47,51,61,63,72,77,81,82,0,0,0,0.0,0,0.0,0.0,0.0,0,0.0,0.0,0
113,829087315,276,302,337,357,364,381,383,414,428,437,445,465,472,485,,509,,,,554,,,597
114,1032990258,65,77,90,98,102,117,122,134,140,146,157,171,184,193,202.0,216,,,,244,,,267
115,939422280,246,283,328,353,361,392,401,452,485,521,543,589,654,695,,773,,,,941,,,1053
116,974746803,133,168,179,191,195,206,208,221,221,223,232,239,245,252,,264,,,,306,,,326
117,1018130478,245,260,285,310,318,344,351,375,388,397,412,430,447,457,,483,,,,536,,,582
118,956758119,300,322,372,387,398,414,420,450,458,465,473,488,515,534,,560,,,,637,,,675
119,903426442,751,895,521,942,946,966,982,1029,1039,1067,1070,1075,Orders,1147,,1155,,,,1191,,,1230
120,861626197,990,1099,1142,1166,1172,1199,1205,1235,1238,1242,1254,1266,1275,1294,,1316,,,,1354,,,1392
121,1077015977,2,4,6,6,6,7,7,7,7,7,7,7,7,7,7.0,7,7.0,7.0,7.0,7,7.0,7.0,7
122,817870237,139,153,171,184,193,214,219,240,248,261,273,284,293,301,312.0,322,,,,354,,,375
123,1078996836,29,29,49,57,63,75,76,91,99,106,112,127,138,143,,159,,,,189,,,206
124,881530990,548,548,578,599,605,635,641,665,678,689,699,713,737,747,,763,,,,822,,,848
125,937046375,239,239,262,268,272,290,292,307,312,318,320,320,0,0,0.0,0,0.0,,0.0,0,0.0,0.0,0
126,870994067,92,100,112,127,131,142,151,169,185,191,198,207,222,232,,260,269.0,,,323,,,353
127,893330898,311,322,353,383,387,412,423,442,451,460,474,492,504,527,,574,,,,644,,,693
128,822053936,202,212,215,217,217,216,216,217,217,217,217,216,216,216,,217,,,,218,,,222
129,1059959935,2,2,3,3,3,3,3,3,3,3,3,3,3,3,3.0,3,3.0,3.0,4.0,5,5.0,5.0,5
130,1197204708,189,212,251,256,258,260,262,264,265,266,268,269,271,271,,272,,,,274,,,277
131,713439584,456,481,506,515,525,549,556,578,581,590,603,616,627,622,,618,,,,641,,,676
132,732736124,83,103,113,130,141,169,174,194,202,214,228,244,257,279,,322,,,,367,,,395
133,709353440,205,226,262,280,285,307,316,339,345,356,365,375,399,404,,422,,,,450,,,475
134,1031230798,88,107,129,139,143,152,153,165,170,174,178,184,190,197,,205,,,,229,,,243
135,1225512606,2,3,9,11,12,12,13,13,13,13,13,13,13,13,13.0,13,13.0,13.0,13.0,13,13.0,13.0,13
136,1158347154,10,13,24,31,35,51,53,64,74,82,89,102,122,135,,158,,,,200,,,217
137,976975672,78,81,97,101,105,117,117,132,136,141,147,152,158,158,,159,,,,165,,,182
138,520233308,524,550,594,603,608,615,616,635,641,647,654,663,671,681,,736,,,,785,,,818
139,935827969,60,77,87,90,92,103,104,113,118,122,124,126,129,136,,144,,,,159,,,168
140,1130624045,5,7,16,19,19,27,31,43,45,49,57,64,87,92,,121,,,,174,185.0,204.0,222
141,547555172,1324,1345,1368,1322,1324,1311,1292,1271,1274,1280,1274,1269,1266,1231,,1239,,,,1196,,,1186
142,1083323104,208,235,293,322,332,383,398,460,480,511,522,531,640,679,,784,,,,978,,,1074
143,955188745,205,267,290,305,312,319,319,325,328,336,345,349,359,364,,397,,,,449,,,492
144,1140306858,18,23,54,79,87,108,112,134,142,154,162,182,192,208,,245,,,,303,,,336
145,895807023,286,307,368,399,405,429,437,451,452,456,461,467,474,477,,479,,,,496,,,507
146,818505402,16,28,32,34,35,36,37,41,42,44,46,47,50,53,53.0,54,55.0,56.0,56.0,58,60.0,62.0,64
147,897981100,37,48,60,69,75,87,94,111,118,127,135,148,167,178,,188,,,,217,,,227
148,973481686,515,540,548,548,549,549,549,549,549,549,549,550,550,550,,551,,,,555,,,555
149,1021375534,363,370,396,411,416,427,434,455,455,455,457,461,463,468,,489,,,,507,,,528
150,549437715,1853,1908,1901,1891,1889,1892,1886,1886,1886,1886,1888,1890,1896,1908,,1936,,,,1950,,,1954
151,1097548715,8,12,15,15,16,16,16,17,18,19,20,22,23,26,27.0,28,29.0,30.0,30.0,32,32.0,32.0,32
152,578702321,47,55,59,59,60,61,61,61,61,61,61,61,60,60,,60,,,,58,,,49
153,1155548915,3,4,6,6,6,7,7,7,7,7,7,7,7,7,7.0,7,7.0,7.0,7.0,7,7.0,7.0,7
154,1199064757,1,1,2,2,2,2,2,2,2,2,2,2,2,2,2.0,2,2.0,2.0,2.0,2,2.0,2.0,2
155,1078994436,3,4,5,5,5,6,6,7,7,7,7,7,9,11,11.0,11,11.0,11.0,12.0,12,12.0,13.0,13
156,949226757,7,8,36,64,77,118,136,176,185,229,264,286,328,358,,388,,,,480,,,525
157,832191944,2,3,4,4,4,5,5,5,5,5,5,5,5,5,5.0,5,5.0,5.0,5.0,5,5.0,6.0,6
158,869572905,212,227,244,257,258,271,275,280,284,285,289,295,302,303,,316,,,,326,,,341
159,896048351,113,141,159,167,171,178,179,201,205,208,214,225,234,242,,273,,,,316,,,346
160,854444464,412,434,456,466,468,476,480,488,489,490,498,504,513,517,,525,,,,537,,,538
161,1246749980,7,8,30,48,57,109,137,226,243,362,412,523,664,736,,922,,,,1143,,,1288
162,849613634,12,17,18,18,18,18,18,18,18,18,18,18,18,19,19.0,19,19.0,19.0,20.0,20,20.0,21.0,21
163,1019768234,185,220,281,309,332,373,392,472,479,542,547,562,673,703,,753,,,,956,,,1043
164,785830491,7,8,13,14,15,16,16,18,18,18,18,19,20,21,21.0,22,23.0,23.0,24.0,24,25.0,25.0,26
165,832391864,19,26,33,36,38,41,41,42,42,43,44,46,48,50,50.0,50,50.0,51.0,51.0,52,52.0,53.0,54
166,1069595866,2,3,3,3,3,3,3,3,3,3,3,4,4,4,4.0,4,4.0,4.0,4.0,4,4.0,4.0,4
167,733715437,342,352,367,375,378,381,377,386,391,395,398,401,404,396,,398,,,,409,,,409
168,828949946,325,348,362,363,365,365,365,365,366,367,367,367,367,367,,367,,,,367,,,367
169,765264430,495,512,551,576,587,615,624,664,675,692,705,734,765,768,,746,,,,760,,,790
170,722020708,541,550,558,568,570,581,580,576,576,576,581,592,595,604,615.0,622,631.0,637.0,641.0,645,650.0,654.0,661
171,980295760,224,235,269,285,299,318,323,356,356,356,359,361,362,373,,381,,,,383,,,392
172,913978120,852,872,891,900,905,925,932,957,965,974,986,996,1007,1017,,1036,,,,1057,,,1089
173,1062354779,124,144,155,175,178,188,191,204,208,218,235,244,268,278,,301,,,,351,,,395
174,1051749304,3,6,14,17,17,21,21,21,21,21,22,22,24,25,25.0,26,26.0,27.0,27.0,27,28.0,28.0,28
175,1206128856,37,42,71,112,129,200,201,224,231,239,288,413,468,542,,740,,,,1080,,,1278
176,956453735,47,53,76,93,95,99,101,115,117,119,123,128,136,140,,140,,,,160,,,164
177,767971724,45,52,63,72,74,91,94,103,105,114,118,127,135,141,,154,,,,188,,,212
178,722565148,856,882,882,868,866,861,854,850,845,841,849,852,864,859,,882,,,,906,,,931
179,1167448608,22,26,34,37,38,42,43,46,48,50,52,56,58,59,60.0,62,64.0,65.0,67.0,68,69.0,70.0,72
180,549159213,235,243,253,259,263,267,269,281,281,282,287,291,294,297,,302,,,,293,,,300
181,940918554,40,46,61,73,76,84,87,105,106,110,118,128,140,144,,159,,,,190,,,203
182,522776523,432,466,491,510,513,527,534,559,574,581,589,594,608,593,,608,,,,619,,,616
183,658650071,817,826,820,810,808,805,792,767,762,757,746,735,719,670,,644,,,,584,,,545
184,560474456,324,338,341,334,337,334,334,343,348,358,362,375,383,381,,388,,,,410,,,419
185,1150052066,90,108,165,187,193,210,218,227,237,240,265,276,331,352,,397,,,,469,,,511
186,929797706,4,5,7,7,7,7,7,8,8,8,8,9,9,11,11.0,11,11.0,11.0,11.0,11,11.0,11.0,11
187,886351969,421,441,444,443,445,452,455,461,462,464,467,470,472,473,,473,,,,474,,,476
188,1071947910,2,3,3,3,4,4,4,4,4,4,4,4,4,5,5.0,5,6.0,7.0,7.0,8,8.0,8.0,8
189,813753347,1724,1760,1785,1802,1807,1822,1826,1842,1849,1855,1860,1877,1888,1898,,1934,,,,2046,,,2088
190,733134203,105,123,143,153,159,177,183,202,207,217,231,246,262,273,,291,,,,317,,,347
191,851256794,27,38,39,41,41,42,42,42,43,44,44,45,45,45,45.0,46,46.0,46.0,46.0,46,46.0,46.0,46
192,751049573,101,108,115,121,121,122,122,122,122,117,115,113,112,112,,114,,,,117,,,120
193,882490248,222,241,268,284,289,306,316,350,365,374,385,405,433,439,,475,,,,541,,,589
194,541172235,531,561,707,736,742,748,746,742,740,739,744,748,753,742,,749,,,,746,,,743
195,727676110,33,45,64,79,84,92,96,114,120,129,142,165,193,227,,262,,,,331,,,390
196,891631697,42,69,99,113,119,140,140,140,140,140,140,140,140,140,,140,,,,140,,,143
197,1059306768,1,1,2,2,2,2,2,2,2,2,2,3,3,3,3.0,3,3.0,3.0,3.0,3,3.0,3.0,3
198,764321904,12,18,24,28,29,32,35,37,39,42,48,54,63,65,,69,,,,95,,,116
199,902108125,142,154,165,169,169,172,172,178,179,193,198,211,219,224,,235,,,,251,,,271
200,874397327,215,223,240,251,254,264,268,283,288,296,299,304,316,319,,333,,,,339,,,345
201,861698160,85,97,113,119,120,124,124,124,124,124,126,130,133,137,,156,,,,169,,,178
202,981437831,28,38,51,55,55,61,66,74,76,79,85,96,114,119,,125,,,,155,,,175
203,1036456647,7,13,18,19,20,21,22,25,26,27,27,28,29,30,31.0,32,34.0,38.0,42.0,49,52.0,56.0,58
204,951280194,325,334,376,390,398,414,422,448,456,479,487,517,549,556,567.0,585,,,,653,,,700
205,1079373429,7,14,21,25,26,33,34,36,38,40,42,43,46,53,55.0,58,59.0,60.0,62.0,63,63.0,63.0,64
206,747381880,1002,1081,1088,1103,1105,1107,1116,1115,1118,1120,1122,1131,1139,1143,,1152,,,,1188,,,1196
207,1099363892,45,70,112,169,204,259,288,314,316,318,319,319,321,321,,325,,,,325,,,327
208,941333009,116,120,135,139,144,154,158,188,195,201,204,215,232,239,,267,,,,291,,,322
209,819651586,202,212,222,229,233,242,245,259,262,270,273,27,281,287,,310,,,,328,,,343
210,1043590098,69,72,89,108,112,121,123,144,149,156,164,173,180,184,,192,,,,197,,,190
211,1091666465,8,9,12,13,13,14,14,16,16,17,19,19,22,23,24.0,25,25.0,25.0,26.0,26,26.0,27.0,28
212,863336720,122,134,145,150,152,160,163,171,173,176,182,189,201,205,,210,,,,231,,,242
213,771972560,402,418,434,446,447,448,448,449,449,449,447,446,444,433,,437,,,,427,,,411
214,756492184,65,73,72,72,72,72,72,72,72,72,72,73,73,37,32.0,27,26.0,25.0,25.0,24,23.0,22.0,22
215,1097157656,111,122,139,146,156,167,168,168,168,168,169,171,173,176,,181,,,,188,,,190
216,573923366,321,343,348,350,350,362,359,377,378,379,382,385,387,387,,389,,,,397,,,402
217,756620535,203,225,263,280,288,300,302,334,345,361,374,392,450,461,485.0,503,526.0,545.0,576.0,590,613.0,622.0,632
218,765350508,329,378,411,436,445,470,480,500,502,518,532,545,569,579,,629,,,,682,,,713
219,968294356,652,668,699,716,721,736,737,758,761,769,774,785,794,803,,812,,,,829,,,840
220,1017678811,2,2,2,2,2,3,3,3,3,3,3,4,4,4,4.0,3,3.0,3.0,3.0,3,3.0,3.0,3
221,933231033,178,200,211,213,214,219,222,226,227,228,229,231,233,235,,238,,,,242,,,244
222,1199765487,1,1,1,1,1,1,1,1,1,1,1,1,1,1,1.0,1,1.0,1.0,1.0,1,1.0,1.0,1
223,965817793,256,264,278,296,300,317,323,354,354,376,393,417,437,451,,486,,,,551,,,592
224,1074432879,32,39,43,44,45,48,48,52,54,55,58,58,59,59,60.0,60,,,,61,,,62
225,1132858821,1,1,2,2,2,2,2,2,2,2,3,3,3,3,3.0,3,3.0,3.0,3.0,3,3.0,3.0,3
226,905732124,65,79,90,98,100,109,112,126,128,140,158,165,179,191,,209,,,,255,,,285
227,711045472,202,221,220,216,214,220,219,218,218,210,208,207,205,193,,191,,,,203,,,195
228,923983419,22,29,30,31,31,31,31,31,31,31,31,31,31,31,31.0,32,33.0,33.0,34.0,34,34.0,34.0,34
229,733025646,897,897,890,868,869,851,845,836,822,819,796,781,762,685,,671,,,,601,,,571
230,720099861,842,850,858,854,859,866,865,865,868,877,878,880,881,875,,871,,,,872,,,872
231,923915314,285,291,315,331,334,351,356,387,394,406,415,423,432,442,,466,,,,507,,,544
232,1077555214,36,43,54,62,62,71,77,85,94,106,138,146,185,228,,283,,,,380,,,464
233,1216538883,124,130,186,237,258,348,372,482,499,595,634,725,834,861,,934,,,,1081,,,1193
234,531254082,203,309,341,348,351,355,355,362,365,369,372,378,384,387,,389,,,,403,,,416
235,890279029,95,108,126,138,144,170,177,209,215,228,242,257,279,292,,312,,,,341,,,345
236,995964089,7,11,15,17,18,19,19,22,24,26,27,29,32,33,33.0,34,34.0,34.0,34.0,34,35.0,36.0,37
237,868453353,15,24,27,29,30,30,32,35,36,37,37,37,38,39,40.0,40,41.0,42.0,42.0,43,44.0,44.0,44
238,1024954013,247,257,278,285,289,298,298,298,298,299,301,302,305,308,,311,,,,317,,,330
239,685606338,185,191,199,201,203,209,211,219,222,225,229,235,241,245,,258,,,,275,,,282
240,877962269,26,30,38,45,48,57,61,72,78,81,92,102,120,135,,155,,,,194,,,214
241,995644296,227,230,271,283,285,293,296,320,334,355,376,409,429,453,,483,,,,574,,,627
242,1066273951,26,36,46,50,53,55,56,60,62,64,67,71,77,78,78.0,79,80.0,82.0,83.0,84,86.0,88.0,90
243,822176645,188,205,218,233,234,239,250,270,265,285,299,310,325,336,,352,,,,393,,,432
244,659466129,1,1,1,1,1,1,1,2,2,2,2,3,3,3,3.0,3,3.0,3.0,4.0,4,4.0,5.0,5
245,694493217,234,238,254,264,267,283,283,288,288,288,291,998,301,311,,322,,,,338,,,354
246,793162246,1390,1401,1428,1435,1438,1457,1462,1472,1471,1473,1474,1475,1478,1483,,1485,,,,1263,,,1132
247,817945281,42,57,76,94,100,108,111,118,119,126,130,134,140,146,,153,,,,157,,,170
248,920902282,137,163,174,176,176,178,180,188,192,203,222,242,253,261,,288,,,,339,,,366
249,727820291,302,315,327,336,339,350,355,357,357,357,364,366,370,374,,381,,,,380,,,373
250,699738864,207,236,255,267,268,286,286,283,283,283,290,305,312,321,,338,,,,355,,,381
251,1197211965,6,8,8,8,8,8,8,8,8,8,9,9,9,9,9.0,9,9.0,9.0,9.0,9,9.0,9.0,9
252,682561447,60,63,65,66,66,68,69,70,72,75,76,77,78,78,,80,,,,84,,,89
253,999081623,352,360,372,73,74,86,89,98,100,102,103,105,106,106,,106,,,,108,,,111
254,1108613896,1,1,1,1,1,1,1,1,1,1,1,1,1,1,1.0,1,1.0,1.0,1.0,1,1.0,1.0,1
255,1054555186,1,1,2,3,3,3,3,3,4,5,5,5,5,5,5.0,5,5.0,5.0,6.0,6,6.0,6.0,6
256,915238287,0,0,0,117,120,129,132,146,151,161,168,188,203,210,,237,,,,271,,,296
257,1107279894,0,0,0,1,2,2,3,3,3,3,3,3,3,3,3.0,3,3.0,3.0,3.0,3,3.0,3.0,3
258,1163040038,0,0,0,2,2,3,3,3,3,3,3,3,3,3,3.0,3,3.0,3.0,3.0,3,3.0,4.0,4
259,1091877430,0,0,0,1,1,1,1,1,1,1,1,1,1,2,2.0,2,2.0,2.0,2.0,2,2.0,2.0,2
260,1053467336,0,0,0,59,61,61,61,61,61,61,61,61,61,61,61.0,62,62.0,62.0,70.0,70,72.0,75.0,79
261,609889168,0,0,0,181,182,185,187,189,190,192,192,193,196,200,,207,,,,214,,,220
262,662727740,0,0,0,262,265,267,269,273,273,273,274,275,277,279,,284,,,,303,,,318
263,1090993173,0,0,0,62,64,77,81,Removed,removed,removed,removed,removed,673,703,,753,,,,956,,,1043
264,963684109,0,0,0,49,50,50,52,56,56,58,60,62,66,67,68.0,69,70.0,72.0,75.0,76,78.0,80.0,82
265,619817668,0,0,0,215,214,212,214,210,211,212,210,209,209,211,209.0,206,204.0,202.0,201.0,200,198.0,197.0,196
266,1066740059,0,0,0,51,52,58,60,67,68,75,84,92,103,111,,119,,,,175,,,196
267,732184480,0,0,0,51,52,53,52,54,55,56,56,56,57,55,55.0,55,55.0,55.0,55.0,55,55.0,55.0,55
268,1044683061,0,0,0,21,21,24,25,28,28,29,30,31,31,31,32.0,33,33.0,34.0,34.0,35,36.0,38.0,39
269,579010251,0,0,0,52,53,53,53,57,58,59,61,64,67,66,66.0,66,67.0,70.0,75.0,81,83.0,85.0,87
270,751364623,0,0,0,109,109,110,110,114,114,115,118,121,123,123,,125,,,,127,,,127
271,898316819,0,0,0,57,58,59,61,66,70,73,76,79,83,86,85.0,88,90.0,91.0,93.0,94,96.0,99.0,103
272,622667306,0,0,0,70,71,70,70,73,74,75,78,79,81,85,85.0,85,85.0,86.0,87.0,88,89.0,93.0,95
273,809344968,0,0,0,362,366,381,383,396,402,412,419,445,453,459,,480,,,,532,,,570
274,754138176,0,0,0,222,222,227,228,232,232,232,233,234,235,232,,228,,,,219,,,217
275,674192921,0,0,0,226,226,220,221,215,215,215,216,218,220,215,,215,,,,220,,,227
276,726446177,0,0,0,141,141,142,142,145,145,146,147,149,150,151,,156,,,,163,,,164
277,1193747589,0,0,0,2,2,2,2,2,2,2,2,2,2,2,2.0,2,2.0,2.0,2.0,2,2.0,2.0,2
278,676827184,0,0,0,81,81,81,81,89,87,87,89,91,94,95,97.0,98,100.0,102.0,103.0,106,108.0,109.0,112
279,619996560,0,0,0,228,228,225,224,222,223,224,228,231,234,231,,235,,,,244,,,247
280,618420156,0,0,0,94,94,95,95,96,96,97,97,97,97,96,96.0,97,97.0,97.0,97.0,97,97.0,98.0,98
281,689486739,0,0,0,27,27,26,25,26,26,26,26,25,25,24,25.0,26,26.0,26.0,26.0,26,25.0,24.0,24
282,751364614,0,0,0,71,74,78,81,87,88,93,96,105,112,113,116.0,119,121.0,124.0,127.0,133,137.0,142.0,147
283,825341937,0,0,0,99,100,100,100,100,100,100,100,101,101,103,104.0,106,107.0,108.0,110.0,111,112.0,113.0,113
284,736813752,0,0,0,42,42,42,42,42,42,42,41,41,40,39,39.0,39,39.0,39.0,39.0,39,39.0,38.0,38
285,636178374,0,0,0,149,150,149,147,144,142,141,140,139,138,131,,125,,,,119,,,115
286,743485617,0,0,0,135,136,139,141,146,148,153,154,156,158,155,,158,,,,159,,,164
287,933951149,0,0,0,115,116,117,118,129,129,133,134,135,135,136,,136,,,,137,,,140
288,684561284,0,0,0,65,66,67,68,69,69,69,69,69,69,68,70.0,72,72.0,73.0,73.0,73,74.0,75.0,76
289,616295248,0,0,0,173,173,174,174,176,176,178,179,180,182,183,,186,,,,188,,,187
290,736076633,0,0,0,98,98,100,101,101,101,101,101,101,101,102,102.0,103,104.0,105.0,106.0,107,107.0,107.0,110
291,1108073621,0,0,0,3,3,4,4,5,5,5,6,6,6,6,6.0,6,6.0,6.0,7.0,7,7.0,7.0,7
292,1053002876,0,0,0,24,24,26,26,26,26,27,27,27,27,27,27.0,27,27.0,27.0,28.0,28,29.0,30.0,31
293,444282011,0,0,0,76,76,78,80,82,81,81,82,82,84,82,86.0,88,90.0,91.0,96.0,96,98.0,101.0,102
294,949336768,0,0,0,29,29,29,29,30,30,30,30,30,30,30,30.0,31,31.0,32.0,32.0,32,32.0,32.0,32
295,961972778,0,0,0,1,1,1,2,3,3,3,3,4,4,4,4.0,4,4.0,4.0,4.0,4,4.0,4.0,4
296,893088817,0,0,0,26,27,27,27,29,29,29,30,32,34,34,35.0,37,37.0,38.0,40.0,41,41.0,42.0,42
297,952724683,0,0,0,4,4,4,4,5,5,5,5,5,5,6,6.0,6,6.0,6.0,6.0,6,6.0,7.0,7
298,855037000,0,0,0,24,24,27,29,30,31,32,34,36,40,42,42.0,42,44.0,46.0,47.0,51,53.0,55.0,58
299,660016574,0,0,0,81,82,83,84,85,86,88,89,91,94,94,,103,,,,110,,,117
300,738079582,0,0,0,151,154,158,161,160,160,161,164,168,171,174,,177,,,,193,,,203
301,861001391,0,0,0,82,83,85,85,91,93,95,98,101,103,104,,106,,,,107,,,111
302,1099696103,0,0,0,66,69,69,69,73,73,73,73,73,73,73,74.0,75,77.0,77.0,79.0,81,84.0,86.0,89
303,1044288976,0,0,0,16,18,18,19,21,22,24,24,25,26,28,29.0,30,31.0,32.0,34.0,35,36.0,36.0,37
304,890848361,0,0,0,43,45,52,60,62,63,68,69,81,82,87,91.0,98,101.0,107.0,111.0,116,121.0,125.0,128
305,929503394,0,0,0,239,244,260,266,289,292,302,307,317,327,374,,492,,,,555,,,583
306,1015249105,0,0,0,213,222,239,250,289,300,327,362,385,412,447,,501,,,,599,,,659
307,707537639,0,0,0,1283,1285,1278,1271,1271,1265,1258,1251,1246,1238,1082,,927,,,,829,,,741
308,702984554,0,0,0,109,113,117,118,123,126,129,130,131,133,130,,133,,,,148,,,155
309,896048351,0,0,0,165,171,178,179,201,205,208,224,228,234,242,,273,,,,316,,,346
310,1023830972,0,0,0,26,28,34,39,45,46,46,49,52,62,62,63.0,65,67.0,68.0,70.0,72,72.0,73.0,74
311,959052557,0,0,0,282,284,289,290,296,299,301,302,303,306,308,,310,,,,316,,,321
312,1246945687,0,0,0,26,32,38,40,43,46,50,51,53,54,54,55.0,57,58.0,59.0,61.0,62,63.0,65.0,67
313,510519284,0,0,0,190,192,195,197,204,205,209,211,216,218,216,,218,,,,213,,,204
314,1079958917,0,0,0,113,120,138,144,158,166,172,182,193,210,221,,254,,,,301,,,343
315,1024325244,0,0,0,22,22,23,23,25,25,25,25,26,27,27,27.0,28,28.0,29.0,31.0,31,31.0,32.0,32
316,841203385,0,0,0,169,181,189,191,209,210,224,236,245,253,262,,270,,,,298,,,314
317,1104504876,0,0,0,13,23,29,32,42,43,44,46,49,53,55,55.0,56,59.0,60.0,64.0,66,69.0,70.0,72
318,1010356223,0,0,0,48,49,51,52,53,53,53,53,53,53,53,53.0,53,54.0,55.0,56.0,57,57.0,57.0,57
319,1031230798,0,0,0,134,143,152,153,165,168,174,175,186,190,197,,205,,,,229,,,243
320,908989488,0,0,0,2,2,4,5,4,4,4,4,4,2,1,1.0,1,1.0,1.0,1.0,1,1.0,1.0,1
321,822081627,0,0,0,746,751,770,778,786,788,791,798,809,817,823,,833,,,,847,,,844
322,1116072373,0,0,0,50,52,53,55,59,60,62,63,63,65,66,67.0,69,69.0,70.0,70.0,71,72.0,73.0,75
323,856139963,0,0,0,50,57,65,67,75,79,85,88,95,102,106,,113,,,,135,,,144
324,1032982013,0,0,0,33,39,48,53,58,67,72,78,108,127,136,,156,,,,219,,,258
325,879756967,0,0,0,748,778,806,816,823,827,830,830,842,852,856,,875,,,,899,,,916
326,912614690,0,0,0,19,21,24,25,25,26,28,30,33,35,34,35.0,37,38.0,39.0,40.0,41,44.0,47.0,51
327,1072784739,0,0,0,134,140,149,149,148,149,150,159,165,179,188,,204,,,,233,,,274
328,945651303,0,0,0,19,27,31,33,42,47,49,51,56,66,71,77.0,84,89.0,92.0,97.0,102,107.0,113.0,118
329,858212832,0,0,0,546,559,576,582,606,624,631,636,648,675,687,,711,,,,767,,,797
330,1219677488,0,0,0,67,76,89,94,117,119,125,135,146,154,160,,167,,,,224,,,263
331,886501087,0,0,0,7,8,7,7,9,9,9,9,8,8,8,8.0,8,8.0,8.0,8.0,8,8.0,8.0,8
332,944264938,0,0,0,98,103,107,108,112,113,115,118,121,126,128,,128,,,,132,,,135
333,918722829,0,0,0,81,82,102,106,119,124,134,139,147,158,162,,167,,,,175,,,182
334,750670078,0,0,0,805,812,820,815,822,822,814,818,820,823,810,,804,,,,794,,,780
335,1028061165,0,0,0,70,71,76,80,83,85,87,93,97,102,106,,113,,,,121,,,121
336,699738864,0,0,0,262,268,286,286,283,283,283,288,300,312,321,,338,,,,355,,,381
337,905732124,0,0,0,96,100,109,112,126,133,140,146,163,179,191,,209,,,,255,,,285
338,961230947,0,0,0,56,57,63,65,70,70,70,72,73,75,77,78.0,79,80.0,81.0,82.0,83,85.0,86.0,88
339,849947393,0,0,0,213,221,232,236,253,258,261,270,282,291,299,,308,,,,330,,,338
340,857432541,0,0,0,57,61,67,68,74,78,80,82,84,85,93,96.0,99,102.0,104.0,106.0,108,109.0,114.0,118
341,1088674674,0,0,0,47,53,61,61,66,66,66,70,75,86,94,,103,,,,116,,,134
342,939250541,0,0,0,55,67,77,81,100,105,116,125,137,160,168,,186,,,,227,,,262
343,876708804,0,0,0,85,90,102,108,119,1224,134,138,141,145,149,,153,,,,167,,,173
344,1032990258,0,0,0,96,102,117,122,134,138,146,153,172,184,193,,216,,,,244,,,267
345,880692544,0,0,0,44,49,53,53,55,56,57,60,61,63,66,69.0,71,72.0,75.0,76.0,78,79.0,80.0,82
346,958270190,0,0,0,23,27,32,36,50,55,62,65,70,77,80,,88,,,,108,,,120
347,732757918,0,0,0,1088,1099,1102,1102,1111,1124,1132,1134,1138,1141,1099,,1071,,,,1064,,,1079
348,898646576,0,0,0,234,240,248,254,269,273,285,291,300,311,320,,330,,,,351,,,363
349,950048509,0,0,0,28,30,32,34,35,36,37,39,41,44,44,48.0,51,53.0,54.0,57.0,62,66.0,68.0,73
350,754316257,0,0,0,132,141,152,162,188,197,224,234,248,282,291,,317,,,,325,,,338
351,598523814,0,0,0,547,546,551,550,562,562,559,552,550,548,533,,549,,,,561,,,560
352,774130360,0,0,0,1,2,2,2,2,2,2,2,2,2,2,2.0,2,2.0,2.0,2.0,2,3.0,3.0,3
353,555727400,0,0,0,580,583,584,588,583,588,591,596,599,604,601,,616,,,,617,,,609
354,537463111,0,0,0,321,321,323,322,324,325,326,324,323,322,320,,326,,,,330,,,326
355,933864550,0,0,0,150,152,163,164,170,171,172,175,180,186,189,,194,,,,201,,,212
356,944930838,0,0,0,183,188,193,194,199,201,203,207,211,213,213,,215,,,,217,,,217
357,901346821,0,0,0,32,32,35,36,41,41,41,42,45,47,52,54.0,56,58.0,61.0,63.0,66,69.0,71.0,73
358,818295153,0,0,0,42,44,50,53,60,62,65,69,71,78,80,82.0,84,85.0,85.0,86.0,87,89.0,92.0,94
359,733134203,0,0,0,152,159,177,183,202,209,217,227,245,262,273,,291,,,,317,,,347
360,943414146,0,0,0,738,747,770,771,794,707,829,835,856,893,907,,946,,,,962,,,986
361,709353440,0,0,0,270,285,307,316,339,344,356,367,382,399,404,,422,,,,450,,,471
362,1190383536,0,0,0,35,53,77,83,114,125,141,163,188,215,236,,274,,,,359,,,429
363,869138763,0,0,0,30,32,36,37,39,40,41,43,47,50,53,58.0,61,64.0,65.0,68.0,70,72.0,74.0,75
364,977173764,0,0,0,55,62,68,72,84,86,90,96,100,107,117,,126,,,,144,,,153
365,918331326,0,0,0,89,94,102,104,119,119,119,125,128,130,135,,150,,,,176,,,195
366,733715437,0,0,0,373,378,381,377,386,388,395,399,401,404,396,,398,,,,409,,,409
367,955679920,0,0,0,79,90,100,105,121,125,137,143,155,171,180,,197,,,,247,,,275
368,862814652,0,0,0,138,140,142,143,147,148,148,151,153,155,158,,162,,,,176,,,178
369,799301728,0,0,0,69,72,80,80,93,95,97,102,108,113,117,,129,,,,141,,,148
370,1039384371,0,0,0,50,53,61,62,67,68,70,73,76,80,83,88.0,90,93.0,96.0,99.0,102,104.0,106.0,107
371,746518490,0,0,0,66,78,109,125,191,195,281,312,344,496,524,,605,,,,732,,,797
372,720665176,0,0,0,5,5,5,5,6,6,6,6,7,7,6,6.0,6,6.0,7.0,8.0,9,9.0,10.0,10
373,1001750851,0,0,0,14,15,16,17,17,17,17,18,21,23,23,23.0,23,23.0,23.0,24.0,24,24.0,24.0,24
374,882975367,0,0,0,158,170,182,184,195,199,208,223,227,230,236,,264,,,,302,,,388
375,1069577979,0,0,0,31,33,38,39,44,48,53,59,65,70,71,75.0,78,79.0,81.0,83.0,85,86.0,87.0,88
376,1079373429,0,0,0,24,26,33,34,36,37,40,42,44,46,53,56.0,58,60.0,61.0,62.0,63,63.0,64.0,64
377,711704151,0,0,0,662,664,666,665,669,670,670,672,673,674,673,,685,,,,700,,,700
378,876761815,0,0,0,60,65,75,78,81,85,88,92,95,101,104,,114,,,,131,,,141
379,1062354779,0,0,0,168,178,188,191,204,208,218,241,252,268,278,,301,,,,351,,,395
380,727676110,0,0,0,75,84,92,96,114,121,129,146,162,193,227,,262,,,,331,,,390
381,845853510,0,0,0,164,170,185,189,205,213,244,251,259,263,273,,311,,,,392,,,451
382,832090686,0,0,0,399,406,410,410,420,420,423,425,428,430,431,,437,,,,448,,,453
383,839305476,0,0,0,124,134,146,152,171,178,195,211,230,238,247,,281,,,,343,,,367
384,855418066,0,0,0,108,110,119,120,133,137,142,145,150,155,162,,173,,,,187,,,191
385,1211480431,0,0,0,11,21,39,46,84,93,122,164,204,246,283,,356,,,,472,,,578
386,946741571,0,0,0,342,360,372,374,385,394,401,412,432,442,458,,477,,,,520,,,541
387,724177834,0,0,0,688,692,696,694,678,676,677,666,652,646,613,,618,,,,597,,,609
388,975877364,0,0,0,2,3,3,3,3,3,3,3,3,4,5,5.0,5,5.0,5.0,5.0,5,5.0,5.0,5
389,851697194,0,0,0,233,236,238,238,243,243,244,246,248,249,250,,252,,,,265,,,278
390,1108356000,0,0,0,8,8,9,11,11,11,11,11,11,11,11,12.0,14,15.0,16.0,16.0,17,17.0,17.0,17
391,871219565,0,0,0,92,92,94,95,97,97,98,99,101,102,109,111.0,113,,,,125,,,134
392,1250787559,0,0,0,2,2,2,2,2,2,2,2,2,2,2,2.0,2,2.0,2.0,2.0,2,2.0,2.0,2
393,942245416,0,0,0,12,12,13,13,14,14,14,14,15,15,17,17.0,17,17.0,18.0,18.0,18,18.0,18.0,18
394,900108476,0,0,0,28,30,38,42,55,58,61,63,66,74,76,79.0,82,84.0,85.0,87.0,91,93.0,94.0,95
395,1019672746,0,0,0,361,370,378,380,384,386,396,399,402,409,411,,418,,,,435,,,443
396,783980024,0,0,0,274,279,288,290,302,303,306,313,318,325,330,,340,,,,358,,,368
397,970655043,0,0,0,62,70,82,87,98,104,119,128,145,164,193,,214,,,,278,,,322
398,1139064593,0,0,0,1,1,1,1,1,1,1,1,1,1,1,1.0,1,1.0,1.0,1.0,1,1.0,1.0,1
399,939389270,0,0,0,196,200,206,207,213,215,215,218,220,222,222,,225,,,,230,,,234
400,859321875,0,0,0,107,116,124,129,155,159,172,179,186,201,205,,217,,,,220,,,229
401,703395323,0,0,0,1,1,1,1,1,1,1,1,1,1,1,1.0,1,1.0,1.0,1.0,1,1.0,1.0,1
402,1083779666,0,0,0,56,59,62,63,68,70,72,74,76,77,76,75.0,75,,,,75,,,75
403,966030991,0,0,0,10,10,13,13,15,16,17,17,18,19,20,20.0,21,,,,22,,,22
404,866405822,0,0,0,68,69,70,72,73,76,78,79,80,80,80,82.0,84,,,,85,,,87
405,941564304,0,0,0,164,167,178,182,191,195,201,208,216,226,230,,239,,,,262,,,291
406,1119360745,0,0,0,4,5,5,5,5,5,5,5,5,5,5,5.0,5,5.0,5.0,5.0,5,5.0,5.0,5
407,932375745,0,0,0,201,208,220,222,234,238,243,248,255,266,277,,288,,,,294,,,312
408,789373177,0,0,0,160,166,172,172,178,179,181,182,183,185,186,,188,,,,185,,,178
409,1135456589,0,0,0,14,18,22,22,27,28,32,33,36,39,41,43.0,46,48.0,49.0,51.0,55,57.0,60.0,63
410,932913675,0,0,0,8,12,13,15,16,16,16,17,18,19,21,21.0,22,23.0,24.0,24.0,25,26.0,26.0,27
411,1217548862,0,0,0,15,17,20,22,33,38,48,52,64,89,93,,100,,,,121,,,131
412,755078866,0,0,0,121,125,126,127,131,132,134,134,135,135,137,,139,,,,142,,,140
413,1052420390,0,0,0,17,17,18,18,18,19,21,23,25,28,29,29.0,30,30.0,30.0,30.0,30,30.0,30.0,30
414,924108301,0,0,0,99,104,112,113,119,122,125,128,132,136,139,,140,,,,146,,,147
415,675980168,0,0,0,363,361,361,362,361,362,365,365,366,368,370,,371,,,,367,,,358
416,730603782,0,0,0,327,324,326,323,321,320,317,315,314,310,288,,279,,,,273,,,271
417,934830377,0,0,0,114,118,131,134,148,158,170,176,188,201,215,,235,,,,268,,,278
418,689406468,0,0,0,39,39,40,41,43,43,43,43,43,43,44,44.0,44,44.0,46.0,47.0,48,48.0,48.0,48
419,870994067,0,0,0,122,131,142,151,169,172,191,198,205,222,232,,260,,,,323,,,353
420,1016250560,0,0,0,147,165,183,195,250,259,292,299,412,428,481,,578,,,,865,,,1067
421,860334943,0,0,0,175,182,198,200,209,211,216,222,234,245,252,,274,,,,309,,,327
422,863336720,0,0,0,148,152,160,163,171,174,176,185,193,201,205,,210,,,,231,,,242
423,835915937,0,0,0,70,77,85,89,103,105,110,115,119,125,125,,126,,,,136,,,144
424,944641715,0,0,0,59,67,76,79,92,95,108,118,132,157,161,,187,,,,211,,,222
425,869395176,0,0,0,143,145,150,153,158,160,163,168,170,176,179,,186,,,,207,,,215
426,1097435333,0,0,0,1,1,1,1,1,2,3,3,3,3,3,3.0,3,3.0,3.0,3.0,3,3.0,3.0,3
427,1124120907,0,0,0,24,31,39,45,51,55,59,66,85,101,110,,138,,,,180,,,216
428,1130463523,0,0,0,9,14,19,19,24,25,27,31,36,42,48,50.0,53,55.0,59.0,62.0,68,72.0,76.0,82
429,560474456,0,0,0,336,337,334,334,343,345,358,363,371,383,381,385.0,388,,,,410,,,419
430,907669618,0,0,0,1,1,1,1,0,0,0,0,0,0,0,0.0,0,0.0,0.0,0.0,0,0.0,0.0,0
431,710089916,0,0,0,31,35,39,39,46,48,50,52,54,58,60,,70,,,,84,,,93
432,793162246,0,0,0,1428,1438,1457,1462,1472,1472,1473,1476,1477,1478,1483,,1485,,,,1263,,,1132
433,1065317917,0,0,0,19,20,21,21,21,21,22,23,23,24,25,27.0,30,31.0,31.0,32.0,32,32.0,32.0,32
434,737461130,0,0,0,696,695,690,686,683,677,672,669,665,662,642,,634,,,,618,,,598
435,663993130,0,0,0,90,89,89,88,86,87,88,89,90,91,92,,88,,,,90,,,93
436,933231033,0,0,0,212,214,219,222,226,226,228,229,231,233,235,,238,,,,242,,,244
437,743417270,0,0,0,206,205,204,204,205,206,206,206,205,205,201,,202,,,,202,,,177
438,798898277,0,0,0,656,659,663,663,670,671,673,675,678,690,666,,626,,,,572,,,528
439,549401113,0,0,0,279,280,284,287,289,292,297,297,298,298,295,,300,,,,295,,,283
440,857189807,0,0,0,14,16,16,18,19,19,19,20,21,21,21,22.0,23,23.0,23.0,24.0,24,24.0,24.0,25
441,1055149353,0,0,0,23,25,25,25,28,28,30,30,31,33,36,36.0,36,37.0,39.0,40.0,43,44.0,45.0,46
442,1199912555,0,0,0,32,33,35,36,39,40,43,45,46,48,50,51.0,53,55.0,56.0,59.0,61,61.0,62.0,64
443,1249825438,0,0,0,41,50,63,66,73,75,80,83,88,98,101,103.0,105,107.0,109.0,111.0,113,115.0,116.0,117
444,967191118,0,0,0,12,13,14,14,14,14,14,14,14,14,14,15.0,15,15.0,15.0,15.0,15,15.0,15.0,15
445,871620435,0,0,0,15,15,18,18,26,27,28,29,30,32,32,32.0,32,32.0,33.0,33.0,33,33.0,33.0,33
446,865490824,0,0,0,44,44,51,51,51,52,52,54,56,60,61,61.0,62,63.0,65.0,66.0,68,69.0,70.0,71
447,1079955163,0,0,0,57,60,64,64,66,69,72,77,90,92,94,98.0,100,104.0,107.0,111.0,116,124.0,129.0,134
448,600514129,0,0,0,76,77,78,80,81,82,82,83,85,86,86,88.0,90,90.0,90.0,90.0,90,90.0,91.0,91
449,976975672,0,0,0,100,105,117,117,132,136,141,145,151,158,158,158.0,159,160.0,162.0,163.0,165,169.0,175.0,182
450,720087997,0,0,0,389,386,383,386,393,395,400,413,425,437,439,445.0,465,475.0,488.0,502.0,522,534.0,544.0,558
451,699651184,0,0,0,168,165,166,166,163,162,161,158,155,153,152,151.0,151,148.0,143.0,139.0,135,135.0,135.0,136
452,605122868,0,0,0,239,239,233,228,224,224,223,219,215,213,210,208.0,205,201.0,294.0,291.0,189,185.0,180.0,178
453,1000425584,0,0,0,29,37,41,41,46,46,52,53,56,58,57,58.0,58,59.0,61.0,63.0,65,65.0,66.0,66
454,549159213,0,0,0,255,263,267,269,281,281,282,286,290,294,297,299.0,302,302.0,293.0,293.0,293,295.0,298.0,300
455,898316315,0,0,0,1,1,1,1,1,1,1,1,1,1,1,1.0,1,1.0,1.0,1.0,1,1.0,1.0,1
456,1017484769,0,0,0,10,11,16,16,19,21,23,26,30,35,36,40.0,43,44.0,47.0,51.0,53,54.0,56.0,59
457,733025646,0,0,0,872,869,851,845,836,828,819,793,786,762,761,657.0,642,638.0,626.0,612.0,601,592.0,585.0,571
458,909624960,0,0,0,25,30,33,34,45,48,53,58,64,70,76,78.0,80,82.0,84.0,86.0,90,92.0,94.0,96
459,1086459983,0,0,0,131,138,139,139,143,143,143,143,143,143,143,148.0,152,155.0,162.0,168.0,186,190.0,199.0,206
460,593007494,0,0,0,399,399,408,407,417,435,355,345,339,234,232,237.0,240,246.0,252.0,257.0,260,264.0,269.0,274
461,660179663,0,0,0,107,113,131,134,147,147,148,151,152,155,160,166.0,173,175.0,178.0,185.0,194,199.0,205.0,230
462,1097157656,0,0,0,142,156,167,168,168,168,168,170,172,173,176,178.0,181,183.0,185.0,186.0,188,189.0,189.0,190
463,751776863,0,0,0,13,16,19,19,23,25,26,28,29,33,35,38.0,42,44.0,46.0,48.0,52,54.0,57.0,59
464,1253973206,0,0,0,11,79,232,314,322,322,315,316,320,0,0,0.0,0,0.0,0.0,0.0,0,0.0,0.0,0
465,828790972,0,0,0,129,134,139,139,149,151,155,158,162,166,171,173.0,175,178.0,190.0,194.0,199,208.0,215.0,223
466,933413410,0,0,0,174,176,183,186,191,191,193,195,196,199,200,201.0,202,202.0,202.0,203.0,203,203.0,203.0,203
467,550959163,0,0,0,247,245,248,245,245,245,247,245,245,240,237,237.0,237,238.0,239.0,240.0,241,241.0,241.0,241
468,933926000,0,0,0,148,155,157,159,164,165,168,171,175,178,180,181.0,182,182.0,183.0,183.0,184,186.0,187.0,189
469,953168456,0,0,0,16,16,19,20,26,28,29,31,34,37,43,47.0,50,54.0,57.0,61.0,62,63.0,66.0,70
470,1124754999,0,0,0,1,1,1,1,1,0,1,1,1,1,1,1.0,1,1.0,1.0,1.0,1,1.0,1.0,1
471,832949213,0,0,0,62,67,68,68,69,69,69,69,69,69,69,69.0,69,70.0,70.0,71.0,71,71.0,72.0,73
472,801216472,0,0,0,25,25,25,25,25,25,25,25,26,26,28,28.0,28,28.0,28.0,29.0,30,32.0,34.0,35
473,929898500,0,0,0,110,112,122,122,139,143,148,158,176,194,217,227.0,245,255.0,573.0,598.0,320,336.0,351.0,363
474,850490510,0,0,0,608,611,619,621,629,631,636,641,645,648,652,654.0,658,663.0,667.0,671.0,675,677.0,679.0,681
475,1099394392,0,0,0,11,12,12,12,15,16,17,19,22,25,27,32.0,36,37.0,39.0,42.0,45,48.0,50.0,52
476,674885710,0,0,0,209,211,215,216,219,220,222,230,235,240,240,245.0,252,258.0,269.0,282.0,294,306.0,315.0,329
477,1122991519,0,0,0,3,70,77,78,89,90,96,98,99,101,101,103.0,106,119.0,135.0,152.0,183,199.0,235.0,266
478,904781800,0,0,0,50,50,56,56,56,56,56,58,60,62,64,65.0,66,66.0,66.0,66.0,66,66.0,66.0,66
479,974438263,0,0,0,3,4,4,5,5,6,6,6,6,6,6,6.0,6,6.0,7.0,7.0,7,8.0,9.0,9
480,875608094,0,0,0,67,69,72,75,83,88,91,92,94,99,104,106.0,109,109.0,110.0,110.0,110,114.0,116.0,120
481,1061890181,0,0,0,8,9,9,9,10,10,11,11,11,11,11,11.0,11,11.0,12.0,12.0,13,13.0,13.0,14
482,1033144189,0,0,0,44,49,55,58,61,66,69,70,72,74,74,75.0,76,79.0,81.0,85.0,91,95.0,99.0,104
483,860406062,0,0,0,154,161,174,175,187,191,197,199,208,221,225,228.0,232,237.0,243.0,248.0,250,256.0,260.0,265
484,692445545,0,0,0,329,321,311,304,290,287,281,275,262,256,237,238.0,239,239.0,239.0,239.0,238,239.0,239.0,239
485,974775647,0,0,0,32,36,40,42,56,58,59,62,66,70,76,79.0,85,87.0,91.0,94.0,97,102.0,107.0,113
486,1109819647,0,0,0,8,10,13,13,15,16,16,16,16,16,16,16.0,17,17.0,18.0,18.0,19,19.0,19.0,19
487,1223469038,0,0,0,2,2,2,2,2,2,2,2,2,3,3,5.0,7,9.0,13.0,15.0,18,20.0,23.0,26
488,511503677,0,0,0,623,630,636,640,645,645,644,636,628,621,602,602.0,602,592.0,585.0,582.0,570,564.0,555.0,547
489,1190558632,0,0,0,1,1,1,1,1,1,1,1,1,1,1,1.0,1,1.0,1.0,1.0,1,2.0,2.0,2
490,641665398,0,0,0,10,10,10,10,10,10,10,10,10,10,10,10.0,10,10.0,10.0,10.0,10,10.0,10.0,9
491,964917582,0,0,0,23,23,26,29,37,40,46,54,61,70,75,79.0,83,90.0,93.0,98.0,101,106.0,109.0,113
492,859922576,0,0,0,433,437,451,453,473,478,483,489,495,501,504,510.0,516,522.0,528.0,532.0,538,541.0,544.0,547
493,817353671,0,0,0,217,219,227,229,239,241,246,252,257,272,278,280.0,284,286.0,288.0,290.0,291,294.0,297.0,299
494,990559192,0,0,0,60,62,64,65,67,68,69,70,72,73,73,74.0,75,75.0,76.0,76.0,77,77.0,77.0,77
495,713391965,0,0,0,560,554,544,537,525,519,511,501,492,480,400,388.0,360,364.0,372.0,377.0,380,382.0,384.0,285
496,722565148,0,0,0,875,866,861,854,850,844,841,845,851,864,859,866.0,882,888.0,895.0,898.0,906,913.0,919.0,931
497,532874347,0,0,0,734,728,726,715,694,690,686,674,665,658,616,597.0,586,569.0,561.0,555.0,551,546.0,535.0,520
498,655464934,0,0,0,254,259,261,263,268,270,272,272,264,264,257,256.0,255,254.0,253.0,250.0,249,249.0,249.0,248
499,919930954,0,0,0,538,545,558,563,578,585,590,599,605,619,628,632.0,639,645.0,651.0,655.0,660,668.0,674.0,680
